{
	"BUILD_DIR" : "/home/marek/kdialog-master/cmake-build-minsizerel/src/kdialog_autogen",
	"CMAKE_BINARY_DIR" : "/home/marek/kdialog-master/cmake-build-minsizerel",
	"CMAKE_CURRENT_BINARY_DIR" : "/home/marek/kdialog-master/cmake-build-minsizerel/src",
	"CMAKE_CURRENT_SOURCE_DIR" : "/home/marek/kdialog-master/src",
	"CMAKE_EXECUTABLE" : "/home/marek/clion-2024.1.3/bin/cmake/linux/x64/bin/cmake",
	"CMAKE_LIST_FILES" : 
	[
		"/home/marek/kdialog-master/src/CMakeLists.txt",
		"/usr/share/ECM/modules/ECMVersionHeader.h.in",
		"/home/marek/kdialog-master/src/config-kdialog.h.in"
	],
	"CMAKE_SOURCE_DIR" : "/home/marek/kdialog-master",
	"DEP_FILE" : "/home/marek/kdialog-master/cmake-build-minsizerel/src/kdialog_autogen/deps",
	"DEP_FILE_RULE_NAME" : "kdialog_autogen/timestamp",
	"HEADERS" : 
	[
		[
			"/home/marek/kdialog-master/src/klistboxdialog.h",
			"Mu",
			"EWIEGA46WW/moc_klistboxdialog.cpp",
			null
		],
		[
			"/home/marek/kdialog-master/src/utils.h",
			"Mu",
			"EWIEGA46WW/moc_utils.cpp",
			null
		],
		[
			"/home/marek/kdialog-master/src/widgets.h",
			"Mu",
			"EWIEGA46WW/moc_widgets.cpp",
			null
		]
	],
	"HEADER_EXTENSIONS" : [ "h", "hh", "h++", "hm", "hpp", "hxx", "in", "txx" ],
	"INCLUDE_DIR" : "/home/marek/kdialog-master/cmake-build-minsizerel/src/kdialog_autogen/include",
	"MOC_COMPILATION_FILE" : "/home/marek/kdialog-master/cmake-build-minsizerel/src/kdialog_autogen/mocs_compilation.cpp",
	"MOC_DEFINITIONS" : 
	[
		"KCOREADDONS_LIB",
		"KF_DEPRECATED_WARNINGS_SINCE=0x60000",
		"KF_DISABLE_DEPRECATED_BEFORE_AND_AT=0x56400",
		"KGUIADDONS_LIB",
		"KNOTIFICATIONS_DEPRECATED_WARNINGS_SINCE=0x60000",
		"KNOTIFICATIONS_DISABLE_DEPRECATED_BEFORE_AND_AT=0x54e00",
		"QT_CORE_LIB",
		"QT_DBUS_LIB",
		"QT_DEPRECATED_WARNINGS_SINCE=0x60000",
		"QT_DISABLE_DEPRECATED_BEFORE=0x50f00",
		"QT_GUI_LIB",
		"QT_NETWORK_LIB",
		"QT_NO_CAST_FROM_ASCII",
		"QT_NO_CAST_FROM_BYTEARRAY",
		"QT_NO_CAST_TO_ASCII",
		"QT_NO_DEBUG",
		"QT_NO_FOREACH",
		"QT_NO_KEYWORDS",
		"QT_NO_NARROWING_CONVERSIONS_IN_CONNECT",
		"QT_NO_URL_CAST_FROM_STRING",
		"QT_STRICT_ITERATORS",
		"QT_USE_QSTRINGBUILDER",
		"QT_WIDGETS_LIB",
		"_GNU_SOURCE",
		"_LARGEFILE64_SOURCE"
	],
	"MOC_DEPEND_FILTERS" : 
	[
		[
			"Q_PLUGIN_METADATA",
			"[\n][ \t]*Q_PLUGIN_METADATA[ \t]*\\([^\\)]*FILE[ \t]*\"([^\"]+)\""
		],
		[
			"K_PLUGIN_FACTORY_WITH_JSON",
			"[\n^][ \t]*K_PLUGIN_FACTORY_WITH_JSON[ \t\n]*\\([^,]*,[ \t\n]*\"([^\"]+)\""
		],
		[
			"K_PLUGIN_CLASS_WITH_JSON",
			"[\n^][ \t]*K_PLUGIN_CLASS_WITH_JSON[ \t\n]*\\([^,]*,[ \t\n]*\"([^\"]+)\""
		]
	],
	"MOC_INCLUDES" : 
	[
		"/home/marek/kdialog-master/cmake-build-minsizerel/src",
		"/home/marek/kdialog-master/src",
		"/usr/include/KF6/KIOWidgets",
		"/usr/include/KF6/KIOGui",
		"/usr/include/KF6/KIOCore",
		"/usr/include/KF6/KIO",
		"/usr/include/KF6/KCoreAddons",
		"/usr/include/qt6/QtCore",
		"/usr/include/qt6",
		"/usr/lib/qt6/mkspecs/linux-g++",
		"/usr/include/qt6/QtNetwork",
		"/usr/include/qt6/QtDBus",
		"/usr/include/KF6/KConfig",
		"/usr/include/KF6/KConfigCore",
		"/usr/include/KF6/KService",
		"/usr/include/qt6/QtGui",
		"/usr/include/KF6/KJobWidgets",
		"/usr/include/qt6/QtWidgets",
		"/usr/include/KF6/Solid",
		"/usr/include/KF6/KCompletion",
		"/usr/include/KF6/KWidgetsAddons",
		"/usr/include/KF6/KTextWidgets",
		"/usr/include/KF6/SonnetUi",
		"/usr/include/KF6/Sonnet",
		"/usr/include/KF6/KI18n",
		"/usr/include/KF6/KNotifications",
		"/usr/include/KF6/KIconThemes",
		"/usr/include/KF6/KGuiAddons",
		"/usr/include/KF6/KWindowSystem",
		"/usr/include/KF6/KIconWidgets",
		"/usr/include",
		"/usr/include/c++/14.2.1",
		"/usr/include/c++/14.2.1/x86_64-pc-linux-gnu",
		"/usr/include/c++/14.2.1/backward",
		"/usr/lib/clang/18/include",
		"/usr/local/include"
	],
	"MOC_MACRO_NAMES" : 
	[
		"Q_OBJECT",
		"Q_GADGET",
		"Q_NAMESPACE",
		"Q_NAMESPACE_EXPORT",
		"Q_GADGET_EXPORT",
		"Q_ENUM_NS",
		"K_PLUGIN_FACTORY",
		"K_PLUGIN_CLASS",
		"K_PLUGIN_FACTORY_WITH_JSON",
		"K_PLUGIN_CLASS_WITH_JSON"
	],
	"MOC_OPTIONS" : [],
	"MOC_PATH_PREFIX" : false,
	"MOC_PREDEFS_CMD" : 
	[
		"/usr/bin/clang++",
		"-std=c++17",
		"-dM",
		"-E",
		"-c",
		"/home/marek/clion-2024.1.3/bin/cmake/linux/x64/share/cmake-3.28/Modules/CMakeCXXCompilerABI.cpp"
	],
	"MOC_PREDEFS_FILE" : "/home/marek/kdialog-master/cmake-build-minsizerel/src/kdialog_autogen/moc_predefs.h",
	"MOC_RELAXED_MODE" : false,
	"MOC_SKIP" : 
	[
		"/home/marek/kdialog-master/cmake-build-minsizerel/src/moc_progressdialogadaptor.cpp",
		"/home/marek/kdialog-master/cmake-build-minsizerel/src/progressdialogadaptor.cpp",
		"/home/marek/kdialog-master/cmake-build-minsizerel/src/progressdialogadaptor.h"
	],
	"MULTI_CONFIG" : false,
	"PARALLEL" : 8,
	"PARSE_CACHE_FILE" : "/home/marek/kdialog-master/cmake-build-minsizerel/src/CMakeFiles/kdialog_autogen.dir/ParseCache.txt",
	"QT_MOC_EXECUTABLE" : "/usr/lib/qt6/moc",
	"QT_UIC_EXECUTABLE" : "",
	"QT_VERSION_MAJOR" : 6,
	"QT_VERSION_MINOR" : 7,
	"SETTINGS_FILE" : "/home/marek/kdialog-master/cmake-build-minsizerel/src/CMakeFiles/kdialog_autogen.dir/AutogenUsed.txt",
	"SOURCES" : 
	[
		[ "/home/marek/kdialog-master/src/kdialog.cpp", "Mu", null ],
		[ "/home/marek/kdialog-master/src/klistboxdialog.cpp", "Mu", null ],
		[ "/home/marek/kdialog-master/src/utils.cpp", "Mu", null ],
		[ "/home/marek/kdialog-master/src/widgets.cpp", "Mu", null ]
	],
	"VERBOSITY" : 0
}
